{
  "background os060": {
    "best": 1.098044799253864e-07,
    "index": 1,
    "integer": false,
    "label": "background os060",
    "mean": 3.698936635934013e-07,
    "median": 2.4760504686413476e-07,
    "p68": [
      -1.237929888682235e-08,
      6.968737096666924e-07
    ],
    "p68_range": [
      -1.237929888682235e-08,
      6.968737096666924e-07
    ],
    "p95": [
      -8.479770913897316e-08,
      1.4334607893429879e-06
    ],
    "p95_range": [
      -8.479770913897316e-08,
      1.4334607893429879e-06
    ],
    "std": 4.609868250804988e-07
  },
  "background os061": {
    "best": 3.932701726139064e-06,
    "index": 18,
    "integer": false,
    "label": "background os061",
    "mean": 3.7323792751501967e-06,
    "median": 3.6804922969127646e-06,
    "p68": [
      2.9981697768115524e-06,
      4.551318350803164e-06
    ],
    "p68_range": [
      2.9981697768115524e-06,
      4.551318350803164e-06
    ],
    "p95": [
      2.0615424391637374e-06,
      5.286547094513914e-06
    ],
    "p95_range": [
      2.0615424391637374e-06,
      5.286547094513914e-06
    ],
    "std": 7.739433696046335e-07
  },
  "bilayer roughness": {
    "best": 4.876948238758598,
    "index": 16,
    "integer": false,
    "label": "bilayer roughness",
    "mean": 4.61719778529629,
    "median": 4.625134409981645,
    "p68": [
      3.24965757905133,
      5.920581443055834
    ],
    "p68_range": [
      3.24965757905133,
      5.920581443055834
    ],
    "p95": [
      2.334600531119898,
      6.7939507788331825
    ],
    "p95_range": [
      2.334600531119898,
      6.7939507788331825
    ],
    "std": 1.2269718365495403
  },
  "chromium layer": {
    "best": 18.258523103328457,
    "index": 8,
    "integer": false,
    "label": "chromium layer",
    "mean": 28.17951666808327,
    "median": 27.989776032852085,
    "p68": [
      15.726788275983361,
      39.50251145921773
    ],
    "p68_range": [
      15.726788275983361,
      39.50251145921773
    ],
    "p95": [
      11.337137428954808,
      45.49560482796791
    ],
    "p95_range": [
      11.337137428954808,
      45.49560482796791
    ],
    "std": 10.523009601608674
  },
  "chromium rho": {
    "best": 3.975870319828118,
    "index": 7,
    "integer": false,
    "label": "chromium rho",
    "mean": 3.4046492259726624,
    "median": 3.441429708341543,
    "p68": [
      3.144261015127871,
      3.659848415770773
    ],
    "p68_range": [
      3.144261015127871,
      3.659848415770773
    ],
    "p95": [
      2.7522119211009723,
      3.9626147433254255
    ],
    "p95_range": [
      2.7522119211009723,
      3.9626147433254255
    ],
    "std": 0.27784709167257304
  },
  "d2o rho": {
    "best": 5.893816391827253,
    "index": 10,
    "integer": false,
    "label": "d2o rho",
    "mean": 5.906912201650176,
    "median": 5.91507279458804,
    "p68": [
      5.874716316728197,
      5.936536438506738
    ],
    "p68_range": [
      5.874716316728197,
      5.936536438506738
    ],
    "p95": [
      5.817999089856544,
      5.948426604224789
    ],
    "p95_range": [
      5.817999089856544,
      5.948426604224789
    ],
    "std": 0.03402240899473661
  },
  "gold chromium roughness": {
    "best": 7.579643919336178,
    "index": 6,
    "integer": false,
    "label": "gold chromium roughness",
    "mean": 7.857003378663028,
    "median": 7.553729214200608,
    "p68": [
      4.498098669771004,
      11.798961831818499
    ],
    "p68_range": [
      4.498098669771004,
      11.798961831818499
    ],
    "p95": [
      2.7170050800447556,
      13.535482846760646
    ],
    "p95_range": [
      2.7170050800447556,
      13.535482846760646
    ],
    "std": 3.165956419600646
  },
  "gold layer": {
    "best": 125.01808219610294,
    "index": 20,
    "integer": false,
    "label": "gold layer",
    "mean": 134.9650000499403,
    "median": 135.13955709170347,
    "p68": [
      129.42073859992365,
      141.01339440022363
    ],
    "p68_range": [
      129.42073859992365,
      141.01339440022363
    ],
    "p95": [
      122.47641099824702,
      145.72441153505133
    ],
    "p95_range": [
      122.47641099824702,
      145.72441153505133
    ],
    "std": 6.866596251269423
  },
  "gold rho": {
    "best": 4.448459755081541,
    "index": 9,
    "integer": false,
    "label": "gold rho",
    "mean": 4.514645590020525,
    "median": 4.5155388819312,
    "p68": [
      4.429278193669051,
      4.60036047177912
    ],
    "p68_range": [
      4.429278193669051,
      4.60036047177912
    ],
    "p95": [
      4.355616305957893,
      4.687695480032512
    ],
    "p95_range": [
      4.355616305957893,
      4.687695480032512
    ],
    "std": 0.08181628809616641
  },
  "h2o rho": {
    "best": -0.49136291730265325,
    "index": 19,
    "integer": false,
    "label": "h2o rho",
    "mean": -0.31673173771488555,
    "median": -0.3461656282877915,
    "p68": [
      -0.49181419294453327,
      -0.12921124944712425
    ],
    "p68_range": [
      -0.49181419294453327,
      -0.12921124944712425
    ],
    "p95": [
      -0.5856397695714523,
      0.13725339253930313
    ],
    "p95_range": [
      -0.5856397695714523,
      0.13725339253930313
    ],
    "std": 0.1804942076441598
  },
  "inner acyl chain thickness": {
    "best": 15.606684588011703,
    "index": 11,
    "integer": false,
    "label": "inner acyl chain thickness",
    "mean": 14.569731393764691,
    "median": 14.721017040531239,
    "p68": [
      13.417643186858916,
      15.732264944287397
    ],
    "p68_range": [
      13.417643186858916,
      15.732264944287397
    ],
    "p95": [
      12.272162433238664,
      15.956163449655369
    ],
    "p95_range": [
      12.272162433238664,
      15.956163449655369
    ],
    "std": 1.048115566044933
  },
  "intensity os060": {
    "best": 1.0454121286769524,
    "index": 2,
    "integer": false,
    "label": "intensity os060",
    "mean": 1.0163860355525973,
    "median": 1.0233310736576322,
    "p68": [
      0.9880598006617676,
      1.0423737439311316
    ],
    "p68_range": [
      0.9880598006617676,
      1.0423737439311316
    ],
    "p95": [
      0.9360315385991591,
      1.0483824517929998
    ],
    "p95_range": [
      0.9360315385991591,
      1.0483824517929998
    ],
    "std": 0.029059731166231784
  },
  "length tether": {
    "best": 13.98084752359608,
    "index": 13,
    "integer": false,
    "label": "length tether",
    "mean": 10.566311172458551,
    "median": 10.329572294853833,
    "p68": [
      7.867020094067355,
      13.33176785861733
    ],
    "p68_range": [
      7.867020094067355,
      13.33176785861733
    ],
    "p95": [
      6.367417166972544,
      16.19549262435244
    ],
    "p95_range": [
      6.367417166972544,
      16.19549262435244
    ],
    "std": 2.5745385979256743
  },
  "multiplicity tether": {
    "best": 2.9971754076779256,
    "index": 14,
    "integer": false,
    "label": "multiplicity tether",
    "mean": 2.0183552295501026,
    "median": 2.0057207635796725,
    "p68": [
      0.6967110348942422,
      3.3213976232436218
    ],
    "p68_range": [
      0.6967110348942422,
      3.3213976232436218
    ],
    "p95": [
      0.1767529536380073,
      3.8520981616023944
    ],
    "p95_range": [
      0.1767529536380073,
      3.8520981616023944
    ],
    "std": 1.1280153743562968
  },
  "number fraction tether": {
    "best": 0.2871011792274246,
    "index": 15,
    "integer": false,
    "label": "number fraction tether",
    "mean": 0.5661853619584517,
    "median": 0.5393698903434203,
    "p68": [
      0.30958834018455267,
      0.8219596656132738
    ],
    "p68_range": [
      0.30958834018455267,
      0.8219596656132738
    ],
    "p95": [
      0.22665390425149462,
      0.9613197134756608
    ],
    "p95_range": [
      0.22665390425149462,
      0.9613197134756608
    ],
    "std": 0.2182904265941296
  },
  "outer acyl chain thickness": {
    "best": 13.60184318758643,
    "index": 12,
    "integer": false,