{
  "background ch060": {
    "best": 4.051158794996827e-06,
    "index": 14,
    "integer": false,
    "label": "background ch060",
    "mean": 4.040714731061672e-06,
    "median": 4.043845543273175e-06,
    "p68": [
      3.91568386484885e-06,
      4.161411848417438e-06
    ],
    "p68_range": [
      3.91568386484885e-06,
      4.161411848417438e-06
    ],
    "p95": [
      3.793225959043875e-06,
      4.310270714542146e-06
    ],
    "p95_range": [
      3.793225959043875e-06,
      4.310270714542146e-06
    ],
    "std": 1.284348027480032e-07
  },
  "background ch061": {
    "best": 4.6737339075163274e-07,
    "index": 1,
    "integer": false,
    "label": "background ch061",
    "mean": 4.3542293347646494e-07,
    "median": 4.443664809560601e-07,
    "p68": [
      3.444954714223864e-07,
      5.27935516992717e-07
    ],
    "p68_range": [
      3.444954714223864e-07,
      5.27935516992717e-07
    ],
    "p95": [
      2.1575638884904263e-07,
      6.055215796267609e-07
    ],
    "p95_range": [
      2.1575638884904263e-07,
      6.055215796267609e-07
    ],
    "std": 9.886812313578997e-08
  },
  "bilayer roughness": {
    "best": 5.208349545698762,
    "index": 12,
    "integer": false,
    "label": "bilayer roughness",
    "mean": 5.314660999497655,
    "median": 5.34346715276509,
    "p68": [
      4.949540867053596,
      5.671183979336095
    ],
    "p68_range": [
      4.949540867053596,
      5.671183979336095
    ],
    "p95": [
      4.627243722405511,
      6.001090044462812
    ],
    "p95_range": [
      4.627243722405511,
      6.001090044462812
    ],
    "std": 0.36008017670612275
  },
  "d2o rho": {
    "best": 6.082120015035435,
    "index": 7,
    "integer": false,
    "label": "d2o rho",
    "mean": 6.077017305504562,
    "median": 6.077187274313751,
    "p68": [
      6.069522222145498,
      6.084283690368689
    ],
    "p68_range": [
      6.069522222145498,
      6.084283690368689
    ],
    "p95": [
      6.064273611787922,
      6.090755061313262
    ],
    "p95_range": [
      6.064273611787922,
      6.090755061313262
    ],
    "std": 0.0070440997524461885
  },
  "h2o rho": {
    "best": -0.4038657221654435,
    "index": 15,
    "integer": false,
    "label": "h2o rho",
    "mean": -0.41360081324859893,
    "median": -0.4170168553839857,
    "p68": [
      -0.4455580926414765,
      -0.38353653467460425
    ],
    "p68_range": [
      -0.4455580926414765,
      -0.38353653467460425
    ],
    "p95": [
      -0.4665904487897954,
      -0.34940131724037155
    ],
    "p95_range": [
      -0.4665904487897954,
      -0.34940131724037155
    ],
    "std": 0.03035275333560213
  },
  "inner acyl chain thickness": {
    "best": 14.153865266875638,
    "index": 9,
    "integer": false,
    "label": "inner acyl chain thickness",
    "mean": 14.292671452818377,
    "median": 14.271728624029544,
    "p68": [
      13.867405385637843,
      14.761603411608709
    ],
    "p68_range": [
      13.867405385637843,
      14.761603411608709
    ],
    "p95": [
      13.22005615500048,
      15.215909332610654
    ],
    "p95_range": [
      13.22005615500048,
      15.215909332610654
    ],
    "std": 0.46213727023937107
  },
  "intensity ch061": {
    "best": 0.9917967687838996,
    "index": 2,
    "integer": false,
    "label": "intensity ch061",
    "mean": 0.9905884653341338,
    "median": 0.9903118963723461,
    "p68": [
      0.9851611359554756,
      0.9963882123722971
    ],
    "p68_range": [
      0.9851611359554756,
      0.9963882123722971
    ],
    "p95": [
      0.9812385213168255,
      1.0011896554670674
    ],
    "p95_range": [
      0.9812385213168255,
      1.0011896554670674
    ],
    "std": 0.005275174265175241
  },
  "outer acyl chain thickness": {
    "best": 11.400011798570365,
    "index": 10,
    "integer": false,
    "label": "outer acyl chain thickness",
    "mean": 11.18062442805697,
    "median": 11.207606282299805,
    "p68": [
      10.662398526290918,
      11.722552820408701
    ],
    "p68_range": [
      10.662398526290918,
      11.722552820408701
    ],
    "p95": [
      9.97367154106708,
      12.465324821307972
    ],
    "p95_range": [
      9.97367154106708,
      12.465324821307972
    ],
    "std": 0.5468904725846009
  },
  "siox interface": {
    "best": 2.780577064040207,
    "index": 3,
    "integer": false,
    "label": "siox interface",
    "mean": 3.2436866700117175,
    "median": 3.2574714368687943,
    "p68": [
      2.4284417208409055,
      4.00080814564165
    ],
    "p68_range": [
      2.4284417208409055,
      4.00080814564165
    ],
    "p95": [
      2.061015114604111,
      4.541150968874469
    ],
    "p95_range": [
      2.061015114604111,
      4.541150968874469
    ],
    "std": 0.7191048484499399
  },
  "siox rho": {
    "best": 3.2205326060972284,
    "index": 4,
    "integer": false,
    "label": "siox rho",
    "mean": 3.5695226626958303,
    "median": 3.4599646407425695,
    "p68": [
      3.144781455480274,
      4.123579343049791
    ],
    "p68_range": [
      3.144781455480274,
      4.123579343049791
    ],
    "p95": [
      3.1079368565163947,
      4.405149418649264
    ],
    "p95_range": [
      3.1079368565163947,
      4.405149418649264
    ],
    "std": 0.4194489252092753
  },
  "siox thickness": {
    "best": 10.86894358135687,
    "index": 5,
    "integer": false,
    "label": "siox thickness",
    "mean": 8.874721429862166,
    "median": 8.776147714390648,
    "p68": [
      5.812649610872065,
      11.879779270172417
    ],
    "p68_range": [
      5.812649610872065,
      11.879779270172417
    ],
    "p95": [
      5.058497020536656,
      12.57320255079161
    ],
    "p95_range": [
      5.058497020536656,
      12.57320255079161
    ],
    "std": 2.46000914630748
  },
  "submembrane thickness": {
    "best": 27.537195092407487,
    "index": 11,
    "integer": false,
    "label": "submembrane thickness",
    "mean": 27.702832597552504,
    "median": 27.722155914443334,
    "p68": [
      27.07634790570648,
      28.337851481325593
    ],
    "p68_range": [
      27.07634790570648,
      28.337851481325593
    ],
    "p95": [
      26.43088208446437,
      28.996973651412592
    ],
    "p95_range": [
      26.43088208446437,
      28.996973651412592
    ],
    "std": 0.63004366793723
  },
  "substrate roughness": {
    "best": 4.419270260738005,
    "index": 8,
    "integer": false,
    "label": "substrate roughness",
    "mean": 4.27361005554201,
    "median": 4.274238252204031,
    "p68": [
      3.8756922401009937,
      4.711864955934958
    ],
    "p68_range": [
      3.8756922401009937,
      4.711864955934958
    ],
    "p95": [
      3.2207789500549526,
      5.16044900054023
    ],
    "p95_range": [
      3.2207789500549526,
      5.16044900054023
    ],
    "std": 0.4575093239636238
  },
  "tiox rho": {
    "best": 2.2906660997679884,
    "index": 6,
    "integer": false,
    "label": "tiox rho",
    "mean": 2.287605853845894,
    "median": 2.2880055505722163,
    "p68": [
      2.2797398153735067,
      2.294832815674139
    ],
    "p68_range": [
      2.2797398153735067,
      2.294832815674139
    ],
    "p95": [
      2.2746230807256422,
      2.3026085944172427
    ],
    "p95_range": [
      2.2746230807256422,
      2.3026085944172427
    ],
    "std": 0.007354723336898374
  },
  "total tiox thickness": {
    "best": 134.72503265382193,
    "index": 16,
    "integer": false,
    "label": "total tiox thickness",
    "mean": 135.903032580803,
    "median": 135.94311616996444,
    "p68": [
      134.25994178067688,
      137.48379306785637
    ],
    "p68_range": [
      134.25994178067688,
      137.48379306785637
    ],
    "p95": [
      133.79844886528906,
      138.14896184911598
    ],
    "p95_range": [
      133.79844886528906,
      138.14896184911598
    ],
    "std": 1.3726586340146136
  },
  "volume fraction bilayer": {
    "best": 0.9041801330725917,
    "index": 13,
    "integer": false,