{
  "background os060": {
    "best": 4.1053731399958767e-07,
    "index": 1,
    "integer": false,
    "label": "background os060",
    "mean": 6.775323574534264e-07,
    "median": 5.700402737746325e-07,
    "p68": [
      1.509538515806892e-07,
      1.2097190151164974e-06
    ],
    "p68_range": [
      1.509538515806892e-07,
      1.2097190151164974e-06
    ],
    "p95": [
      -5.388132272639138e-08,
      1.9497834753245807e-06
    ],
    "p95_range": [
      -5.388132272639138e-08,
      1.9497834753245807e-06
    ],
    "std": 5.364336340413002e-07
  },
  "background os061": {
    "best": 4.268832855175561e-06,
    "index": 13,
    "integer": false,
    "label": "background os061",
    "mean": 4.769756641239236e-06,
    "median": 4.744348269916913e-06,
    "p68": [
      3.922727115159731e-06,
      5.6713994448388435e-06
    ],
    "p68_range": [
      3.922727115159731e-06,
      5.6713994448388435e-06
    ],
    "p95": [
      2.805618634525353e-06,
      6.655482038893473e-06
    ],
    "p95_range": [
      2.805618634525353e-06,
      6.655482038893473e-06
    ],
    "std": 9.549061334463517e-07
  },
  "d2o interface": {
    "best": 10.610181949979506,
    "index": 6,
    "integer": false,
    "label": "d2o interface",
    "mean": 7.713206899865085,
    "median": 7.625929429298877,
    "p68": [
      3.1847189193472207,
      12.389816226185028
    ],
    "p68_range": [
      3.1847189193472207,
      12.389816226185028
    ],
    "p95": [
      0.7756669525413775,
      14.766891025308459
    ],
    "p95_range": [
      0.7756669525413775,
      14.766891025308459
    ],
    "std": 4.0327145113576925
  },
  "d2o rho": {
    "best": 5.695239076033049,
    "index": 4,
    "integer": false,
    "label": "d2o rho",
    "mean": 5.714085124432866,
    "median": 5.718868764052692,
    "p68": [
      5.64347489694221,
      5.78658607579452
    ],
    "p68_range": [
      5.64347489694221,
      5.78658607579452
    ],
    "p95": [
      5.5293658244494335,
      5.853227886024129
    ],
    "p95_range": [
      5.5293658244494335,
      5.853227886024129
    ],
    "std": 0.0778147171962905
  },
  "d2o thickness": {
    "best": 0.6973061635207473,
    "index": 7,
    "integer": false,
    "label": "d2o thickness",
    "mean": 4.140710333913855,
    "median": 2.2839760359079486,
    "p68": [
      0.45168906914529566,
      8.801030413777546
    ],
    "p68_range": [
      0.45168906914529566,
      8.801030413777546
    ],
    "p95": [
      0.07794828017238274,
      19.34232889379288
    ],
    "p95_range": [
      0.07794828017238274,
      19.34232889379288
    ],
    "std": 5.22082383482898
  },
  "h2o rho": {
    "best": -0.49515866351571847,
    "index": 14,
    "integer": false,
    "label": "h2o rho",
    "mean": -0.4565915988947671,
    "median": -0.5355673900940008,
    "p68": [
      -0.5875968513188842,
      -0.31954540368031925
    ],
    "p68_range": [
      -0.5875968513188842,
      -0.31954540368031925
    ],
    "p95": [
      -0.5982290910233999,
      0.24259620318926098
    ],
    "p95_range": [
      -0.5982290910233999,
      0.24259620318926098
    ],
    "std": 0.19392179024688416
  },
  "ihg + buffer interface": {
    "best": 5.860304658859879,
    "index": 3,
    "integer": false,
    "label": "ihg + buffer interface",
    "mean": 6.989429800443486,
    "median": 6.867448448115199,
    "p68": [
      4.525154222593862,
      9.513926361692478
    ],
    "p68_range": [
      4.525154222593862,
      9.513926361692478
    ],
    "p95": [
      1.5031421835941154,
      12.777039916641383
    ],
    "p95_range": [
      1.5031421835941154,
      12.777039916641383
    ],
    "std": 2.7202433945759013
  },
  "intensity os060": {
    "best": 1.0462624354820826,
    "index": 2,
    "integer": false,
    "label": "intensity os060",
    "mean": 1.0352396671904882,
    "median": 1.040637484804026,
    "p68": [
      1.0221622888284918,
      1.0479041894965486
    ],
    "p68_range": [
      1.0221622888284918,
      1.0479041894965486
    ],
    "p95": [
      0.9914858048802894,
      1.0495830577343195
    ],
    "p95_range": [
      0.9914858048802894,
      1.0495830577343195
    ],
    "std": 0.015180616699896253
  },
  "siox interface": {
    "best": 14.557212403883543,
    "index": 8,
    "integer": false,
    "label": "siox interface",
    "mean": 11.735582886251395,
    "median": 13.056640794983235,
    "p68": [
      8.757217537148335,
      14.38845855696158
    ],
    "p68_range": [
      8.757217537148335,
      14.38845855696158
    ],
    "p95": [
      1.496058798618651,
      14.894402733805585
    ],
    "p95_range": [
      1.496058798618651,
      14.894402733805585
    ],
    "std": 3.283083946767276
  },
  "siox rho": {
    "best": 5.094886968888,
    "index": 11,
    "integer": false,
    "label": "siox rho",
    "mean": 4.901566324548835,
    "median": 5.0250184879282225,
    "p68": [
      4.815947976669075,
      5.08417816369814
    ],
    "p68_range": [
      4.815947976669075,
      5.08417816369814
    ],
    "p95": [
      3.7720061017022064,
      5.098831898280692
    ],
    "p95_range": [
      3.7720061017022064,
      5.098831898280692
    ],
    "std": 0.33835976504602766
  },
  "siox thickness": {
    "best": 39.83526870101694,
    "index": 12,
    "integer": false,
    "label": "siox thickness",
    "mean": 36.320766370068064,
    "median": 38.898608331809456,
    "p68": [
      35.75561761570605,
      39.81905416353508
    ],
    "p68_range": [
      35.75561761570605,
      39.81905416353508
    ],
    "p95": [
      10.922941265248713,
      39.97066296569174
    ],
    "p95_range": [
      10.922941265248713,
      39.97066296569174
    ],
    "std": 7.166369297524887
  },
  "tails + buffer thickness": {
    "best": 39.95292554980962,
    "index": 5,
    "integer": false,
    "label": "tails + buffer thickness",
    "mean": 42.627216453498356,
    "median": 43.27133704739483,
    "p68": [
      37.29402789022307,
      47.471387861003265
    ],
    "p68_range": [
      37.29402789022307,
      47.471387861003265
    ],
    "p95": [
      32.88384526680702,
      49.347471231457625
    ],
    "p95_range": [
      32.88384526680702,
      49.347471231457625
    ],
    "std": 4.629269356298881
  },
  "tiox rho": {
    "best": 3.1619404973165417,
    "index": 9,
    "integer": false,
    "label": "tiox rho",
    "mean": 3.112452467584077,
    "median": 3.141836347276183,
    "p68": [
      3.085510783329134,
      3.1586719260857965
    ],
    "p68_range": [
      3.085510783329134,
      3.1586719260857965
    ],
    "p95": [
      2.884437757690217,
      3.1621540572462346
    ],
    "p95_range": [
      2.884437757690217,
      3.1621540572462346
    ],
    "std": 0.10588135050203576
  },
  "tiox thickness": {
    "best": 87.88942518310762,
    "index": 10,
    "integer": false,
    "label": "tiox thickness",
    "mean": 92.7472948533975,
    "median": 86.14932764473915,
    "p68": [
      79.77409153037958,
      97.48588298870906
    ],
    "p68_range": [
      79.77409153037958,
      97.48588298870906
    ],
    "p95": [
      74.30671806375248,
      157.3120604669739
    ],
    "p95_range": [
      74.30671806375248,
      157.3120604669739
    ],
    "std": 21.420408820516172
  },
  "volume fraction bilayer": {
    "best": 0.9796886731066177,
    "index": 16,
    "integer": false,
    "label": "volume fraction bilayer",
    "mean": 0.9642469892711867,
    "median": 0.9774255899786612,
    "p68": [
      0.9312528130710176,
      0.9940981017198273
    ],
    "p68_range": [
      0.9312528130710176,
      0.9940981017198273
    ],
    "p95": [
      0.8489882524960934,
      0.9990743223534393
    ],
    "p95_range": [
      0.8489882524960934,
      0.9990743223534393
    ],
    "std": 0.03798109810223749
  },
  "volume fraction inner headgroups": {
    "best": 0.7042422876935955,
    "index": 17,
    "integer": false,
    "label": "volume fraction inner headgroups",