{
  "background os060": {
    "best": 9.161814442956484e-08,
    "index": 1,
    "integer": false,
    "label": "background os060",
    "mean": 1.0439434813498498e-07,
    "median": 1.0284939507961052e-07,
    "p68": [
      2.8140780823711053e-08,
      1.782328914155777e-07
    ],
    "p68_range": [
      2.8140780823711053e-08,
      1.782328914155777e-07
    ],
    "p95": [
      -4.018115299786332e-08,
      2.7269639382906197e-07
    ],
    "p95_range": [
      -4.018115299786332e-08,
      2.7269639382906197e-07
    ],
    "std": 7.646379142736359e-08
  },
  "background os061": {
    "best": 2.9526120162669855e-06,
    "index": 18,
    "integer": false,
    "label": "background os061",
    "mean": 3.1856837143709435e-06,
    "median": 3.178136846056232e-06,
    "p68": [
      2.9887318940177624e-06,
      3.369151550463884e-06
    ],
    "p68_range": [
      2.9887318940177624e-06,
      3.369151550463884e-06
    ],
    "p95": [
      2.850706275899826e-06,
      3.5229338531528654e-06
    ],
    "p95_range": [
      2.850706275899826e-06,
      3.5229338531528654e-06
    ],
    "std": 1.7909942995651654e-07
  },
  "bilayer roughness": {
    "best": 5.598864322701941,
    "index": 16,
    "integer": false,
    "label": "bilayer roughness",
    "mean": 5.299915273327522,
    "median": 5.323507498840411,
    "p68": [
      4.873878824060282,
      5.743754757729008
    ],
    "p68_range": [
      4.873878824060282,
      5.743754757729008
    ],
    "p95": [
      4.219205994882849,
      5.939394149377153
    ],
    "p95_range": [
      4.219205994882849,
      5.939394149377153
    ],
    "std": 0.4208297216401498
  },
  "chromium layer": {
    "best": 36.42819923847297,
    "index": 8,
    "integer": false,
    "label": "chromium layer",
    "mean": 26.520506299099292,
    "median": 27.944996450826917,
    "p68": [
      13.60258638795915,
      36.54768153331916
    ],
    "p68_range": [
      13.60258638795915,
      36.54768153331916
    ],
    "p95": [
      10.663206476594857,
      40.983221919607814
    ],
    "p95_range": [
      10.663206476594857,
      40.983221919607814
    ],
    "std": 9.901314264275774
  },
  "chromium rho": {
    "best": 3.3522342621215824,
    "index": 7,
    "integer": false,
    "label": "chromium rho",
    "mean": 3.393271363783645,
    "median": 3.3988945898841045,
    "p68": [
      3.310556549037714,
      3.47980043086258
    ],
    "p68_range": [
      3.310556549037714,
      3.47980043086258
    ],
    "p95": [
      2.9839401207463303,
      3.784174585864308
    ],
    "p95_range": [
      2.9839401207463303,
      3.784174585864308
    ],
    "std": 0.16401864254558357
  },
  "d2o rho": {
    "best": 5.904282969510369,
    "index": 10,
    "integer": false,
    "label": "d2o rho",
    "mean": 5.905218247034247,
    "median": 5.905576632299065,
    "p68": [
      5.900113254179358,
      5.909639715979846
    ],
    "p68_range": [
      5.900113254179358,
      5.909639715979846
    ],
    "p95": [
      5.896907125598774,
      5.915061004195028
    ],
    "p95_range": [
      5.896907125598774,
      5.915061004195028
    ],
    "std": 0.004737760401918772
  },
  "gold chromium roughness": {
    "best": 6.090104435905753,
    "index": 6,
    "integer": false,
    "label": "gold chromium roughness",
    "mean": 5.676477230584387,
    "median": 5.499842564381282,
    "p68": [
      3.899960876820209,
      7.4513017614407415
    ],
    "p68_range": [
      3.899960876820209,
      7.4513017614407415
    ],
    "p95": [
      2.384460681197644,
      9.907186442006084
    ],
    "p95_range": [
      2.384460681197644,
      9.907186442006084
    ],
    "std": 1.833509477659224
  },
  "gold layer": {
    "best": 135.66458687161813,
    "index": 20,
    "integer": false,
    "label": "gold layer",
    "mean": 135.28636248523227,
    "median": 135.341564378824,
    "p68": [
      133.82266741784002,
      136.76538688496947
    ],
    "p68_range": [
      133.82266741784002,
      136.76538688496947
    ],
    "p95": [
      131.14672862485028,
      139.87838190787838
    ],
    "p95_range": [
      131.14672862485028,
      139.87838190787838
    ],
    "std": 2.0016568430243575
  },
  "gold rho": {
    "best": 4.416266732171533,
    "index": 9,
    "integer": false,
    "label": "gold rho",
    "mean": 4.433356164306936,
    "median": 4.432012154659574,
    "p68": [
      4.4201173714779625,
      4.444677138705179
    ],
    "p68_range": [
      4.4201173714779625,
      4.444677138705179
    ],
    "p95": [
      4.408490498958717,
      4.473426183515339
    ],
    "p95_range": [
      4.408490498958717,
      4.473426183515339
    ],
    "std": 0.015054498309138265
  },
  "h2o rho": {
    "best": -0.4677212466441317,
    "index": 19,
    "integer": false,
    "label": "h2o rho",
    "mean": -0.4641036440088137,
    "median": -0.46493208962251287,
    "p68": [
      -0.49778472154106906,
      -0.43358651985463026
    ],
    "p68_range": [
      -0.49778472154106906,
      -0.43358651985463026
    ],
    "p95": [
      -0.523172456626577,
      -0.39531726656816346
    ],
    "p95_range": [
      -0.523172456626577,
      -0.39531726656816346
    ],
    "std": 0.03297392197918271
  },
  "inner acyl chain thickness": {
    "best": 15.047381394499926,
    "index": 11,
    "integer": false,
    "label": "inner acyl chain thickness",
    "mean": 15.026854501657471,
    "median": 15.065072140008827,
    "p68": [
      14.216151900458518,
      15.83503891943296
    ],
    "p68_range": [
      14.216151900458518,
      15.83503891943296
    ],
    "p95": [
      13.570232655040765,
      15.967566937996523
    ],
    "p95_range": [
      13.570232655040765,
      15.967566937996523
    ],
    "std": 0.7020564903174996
  },
  "intensity os060": {
    "best": 1.0496671345041777,
    "index": 2,
    "integer": false,
    "label": "intensity os060",
    "mean": 1.045407121355406,
    "median": 1.0471934746713973,
    "p68": [
      1.0412775498552909,
      1.0492862078715328
    ],
    "p68_range": [
      1.0412775498552909,
      1.0492862078715328
    ],
    "p95": [
      1.030927521349305,
      1.049884631620913
    ],
    "p95_range": [
      1.030927521349305,
      1.049884631620913
    ],
    "std": 0.005077695096223358
  },
  "length tether": {
    "best": 8.536201414850096,
    "index": 13,
    "integer": false,
    "label": "length tether",
    "mean": 9.455897940128954,
    "median": 9.43444501918387,
    "p68": [
      8.502239394867543,
      10.399084345135355
    ],
    "p68_range": [
      8.502239394867543,
      10.399084345135355
    ],
    "p95": [
      7.893291089734779,
      11.339255508066987
    ],
    "p95_range": [
      7.893291089734779,
      11.339255508066987
    ],
    "std": 0.9392561637230031
  },
  "multiplicity tether": {
    "best": 0.46058918653958614,
    "index": 14,
    "integer": false,
    "label": "multiplicity tether",
    "mean": 1.0542716775845862,
    "median": 0.7810503655427101,
    "p68": [
      0.22298299121226514,
      2.1651422797233035
    ],
    "p68_range": [
      0.22298299121226514,
      2.1651422797233035
    ],
    "p95": [
      0.11194031915477,
      2.9437313273123076
    ],
    "p95_range": [
      0.11194031915477,
      2.9437313273123076
    ],
    "std": 0.8701115789481161
  },
  "number fraction tether": {
    "best": 0.20119717515534005,
    "index": 15,
    "integer": false,
    "label": "number fraction tether",
    "mean": 0.3288343966873181,
    "median": 0.2673168223192107,
    "p68": [
      0.2111622864955507,
      0.4898331957911595
    ],
    "p68_range": [
      0.2111622864955507,
      0.4898331957911595
    ],
    "p95": [
      0.20085674481035942,
      0.7195591150597948
    ],
    "p95_range": [
      0.20085674481035942,
      0.7195591150597948
    ],
    "std": 0.1452762262956668
  },
  "outer acyl chain thickness": {
    "best": 14.93078208076214,
    "index": 12,
    "integer": false,