{
  "background os046": {
    "best": -8.572999862357613e-08,
    "index": 1,
    "integer": false,
    "label": "background os046",
    "mean": -6.471350352431047e-08,
    "median": -7.63452036431542e-08,
    "p68": [
      -9.359599717077074e-08,
      -3.4681858913825565e-08
    ],
    "p68_range": [
      -9.359599717077074e-08,
      -3.4681858913825565e-08
    ],
    "p95": [
      -9.961646885576677e-08,
      3.363835985418879e-08
    ],
    "p95_range": [
      -9.961646885576677e-08,
      3.363835985418879e-08
    ],
    "std": 3.4537841876821766e-08
  },
  "background os047": {
    "best": 3.3769380608485146e-06,
    "index": 18,
    "integer": false,
    "label": "background os047",
    "mean": 3.827730563578073e-06,
    "median": 3.813288941497027e-06,
    "p68": [
      3.547624419396462e-06,
      4.123044949996848e-06
    ],
    "p68_range": [
      3.547624419396462e-06,
      4.123044949996848e-06
    ],
    "p95": [
      3.2337118011234334e-06,
      4.467642954196557e-06
    ],
    "p95_range": [
      3.2337118011234334e-06,
      4.467642954196557e-06
    ],
    "std": 2.9364415678589307e-07
  },
  "bilayer roughness": {
    "best": 3.263684704523688,
    "index": 16,
    "integer": false,
    "label": "bilayer roughness",
    "mean": 2.6873958272238583,
    "median": 2.6661539458908203,
    "p68": [
      2.1867082010765433,
      3.1289989243124374
    ],
    "p68_range": [
      2.1867082010765433,
      3.1289989243124374
    ],
    "p95": [
      2.052223795277319,
      3.600882816774696
    ],
    "p95_range": [
      2.052223795277319,
      3.600882816774696
    ],
    "std": 0.4300657414649162
  },
  "chromium layer": {
    "best": 15.141299953358574,
    "index": 8,
    "integer": false,
    "label": "chromium layer",
    "mean": 16.545776787034242,
    "median": 16.009460303045355,
    "p68": [
      13.569058173991014,
      18.642170858669072
    ],
    "p68_range": [
      13.569058173991014,
      18.642170858669072
    ],
    "p95": [
      11.029335546493579,
      30.185069854661833
    ],
    "p95_range": [
      11.029335546493579,
      30.185069854661833
    ],
    "std": 4.144057752646147
  },
  "chromium rho": {
    "best": 3.924976377930185,
    "index": 7,
    "integer": false,
    "label": "chromium rho",
    "mean": 3.8921177872847466,
    "median": 3.9268426554098697,
    "p68": [
      3.7887897062851965,
      3.988062714516831
    ],
    "p68_range": [
      3.7887897062851965,
      3.988062714516831
    ],
    "p95": [
      3.596314642536134,
      3.9990593774986047
    ],
    "p95_range": [
      3.596314642536134,
      3.9990593774986047
    ],
    "std": 0.10671235321114503
  },
  "d2o rho": {
    "best": 6.050937561419573,
    "index": 10,
    "integer": false,
    "label": "d2o rho",
    "mean": 6.050358214354483,
    "median": 6.0506866618499835,
    "p68": [
      6.043939501210795,
      6.056253451843469
    ],
    "p68_range": [
      6.043939501210795,
      6.056253451843469
    ],
    "p95": [
      6.038486290228531,
      6.061873046236275
    ],
    "p95_range": [
      6.038486290228531,
      6.061873046236275
    ],
    "std": 0.006165080524589235
  },
  "gold chromium roughness": {
    "best": 7.899648795299434,
    "index": 6,
    "integer": false,
    "label": "gold chromium roughness",
    "mean": 6.891167216512434,
    "median": 6.797404668197219,
    "p68": [
      4.445937962913456,
      9.062758814975213
    ],
    "p68_range": [
      4.445937962913456,
      9.062758814975213
    ],
    "p95": [
      2.5960582376297934,
      10.873472307788244
    ],
    "p95_range": [
      2.5960582376297934,
      10.873472307788244
    ],
    "std": 2.170096259514699
  },
  "gold layer": {
    "best": 165.98409657866722,
    "index": 20,
    "integer": false,
    "label": "gold layer",
    "mean": 166.09611083194582,
    "median": 165.88605543053717,
    "p68": [
      163.63314745395036,
      169.1201906606575
    ],
    "p68_range": [
      163.63314745395036,
      169.1201906606575
    ],
    "p95": [
      161.93810567278254,
      169.84304225170746
    ],
    "p95_range": [
      161.93810567278254,
      169.84304225170746
    ],
    "std": 2.348759832155745
  },
  "gold rho": {
    "best": 4.4201430661419145,
    "index": 9,
    "integer": false,
    "label": "gold rho",
    "mean": 4.418832131685768,
    "median": 4.418131960368068,
    "p68": [
      4.404923718419731,
      4.434567932194232
    ],
    "p68_range": [
      4.404923718419731,
      4.434567932194232
    ],
    "p95": [
      4.3905723457663495,
      4.445382735726321
    ],
    "p95_range": [
      4.3905723457663495,
      4.445382735726321
    ],
    "std": 0.013933308463615658
  },
  "h2o rho": {
    "best": -0.4415205617635051,
    "index": 19,
    "integer": false,
    "label": "h2o rho",
    "mean": -0.44135142558875073,
    "median": -0.442266200204088,
    "p68": [
      -0.49984822680288665,
      -0.38250311953245664
    ],
    "p68_range": [
      -0.49984822680288665,
      -0.38250311953245664
    ],
    "p95": [
      -0.5484450104375784,
      -0.34145335653505376
    ],
    "p95_range": [
      -0.5484450104375784,
      -0.34145335653505376
    ],
    "std": 0.055485433576394835
  },
  "inner acyl chain thickness": {
    "best": 14.348498002618596,
    "index": 11,
    "integer": false,
    "label": "inner acyl chain thickness",
    "mean": 13.292921006049912,
    "median": 13.537149096715426,
    "p68": [
      12.230027473387954,
      14.325123278189594
    ],
    "p68_range": [
      12.230027473387954,
      14.325123278189594
    ],
    "p95": [
      9.709259752515871,
      15.09296658425986
    ],
    "p95_range": [
      9.709259752515871,
      15.09296658425986
    ],
    "std": 1.2243676168239277
  },
  "intensity os046": {
    "best": 1.0023161709222514,
    "index": 2,
    "integer": false,
    "label": "intensity os046",
    "mean": 1.0033976817426244,
    "median": 1.0032772064912872,
    "p68": [
      0.9985712184352875,
      1.0081676382423486
    ],
    "p68_range": [
      0.9985712184352875,
      1.0081676382423486
    ],
    "p95": [
      0.9944286934420059,
      1.0135609220683839
    ],
    "p95_range": [
      0.9944286934420059,
      1.0135609220683839
    ],
    "std": 0.004733123833121692
  },
  "length tether": {
    "best": 6.6256825509061335,
    "index": 13,
    "integer": false,
    "label": "length tether",
    "mean": 6.784347188223834,
    "median": 6.739511562582028,
    "p68": [
      6.230541291043806,
      7.339363400936004
    ],
    "p68_range": [
      6.230541291043806,
      7.339363400936004
    ],
    "p95": [
      6.046387483963486,
      7.794562495632395
    ],
    "p95_range": [
      6.046387483963486,
      7.794562495632395
    ],
    "std": 0.5097250399757465
  },
  "multiplicity tether": {
    "best": 3.708732011284276,
    "index": 14,
    "integer": false,
    "label": "multiplicity tether",
    "mean": 2.2191896420476636,
    "median": 2.4030503489271506,
    "p68": [
      0.7500714385757818,
      3.4867005777538536
    ],
    "p68_range": [
      0.7500714385757818,
      3.4867005777538536
    ],
    "p95": [
      0.14926375493191,
      3.93522572012351
    ],
    "p95_range": [
      0.14926375493191,
      3.93522572012351
    ],
    "std": 1.1583233382369051
  },
  "number fraction tether": {
    "best": 0.20807718355166419,
    "index": 15,
    "integer": false,
    "label": "number fraction tether",
    "mean": 0.5153952511688893,
    "median": 0.5019028071568135,
    "p68": [
      0.30808757055945174,
      0.7458322948111681
    ],
    "p68_range": [
      0.30808757055945174,
      0.7458322948111681
    ],
    "p95": [
      0.2099923389786294,
      0.8940784203167598
    ],
    "p95_range": [
      0.2099923389786294,
      0.8940784203167598
    ],
    "std": 0.19333734948139217
  },
  "outer acyl chain thickness": {
    "best": 8.225290587179112,
    "index": 12,
    "integer": false,