{
  "background ch060": {
    "best": 5.444446306216775e-06,
    "index": 14,
    "integer": false,
    "label": "background ch060",
    "mean": 4.822577306313546e-06,
    "median": 4.817860535685925e-06,
    "p68": [
      3.628039334132639e-06,
      6.047582234457288e-06
    ],
    "p68_range": [
      3.628039334132639e-06,
      6.047582234457288e-06
    ],
    "p95": [
      2.2965545167930477e-06,
      7.314732674997157e-06
    ],
    "p95_range": [
      2.2965545167930477e-06,
      7.314732674997157e-06
    ],
    "std": 1.2404363971783746e-06
  },
  "background ch061": {
    "best": 4.2139157435406425e-07,
    "index": 1,
    "integer": false,
    "label": "background ch061",
    "mean": 9.492665924245229e-07,
    "median": 9.052768960799388e-07,
    "p68": [
      3.421503816282034e-07,
      1.486427906875682e-06
    ],
    "p68_range": [
      3.421503816282034e-07,
      1.486427906875682e-06
    ],
    "p95": [
      2.386905568775915e-08,
      2.3202198479398736e-06
    ],
    "p95_range": [
      2.386905568775915e-08,
      2.3202198479398736e-06
    ],
    "std": 6.008084591690014e-07
  },
  "bilayer roughness": {
    "best": 2.354683832042164,
    "index": 12,
    "integer": false,
    "label": "bilayer roughness",
    "mean": 2.998073591499247,
    "median": 2.6853442800307215,
    "p68": [
      2.186102403053029,
      3.79359054069037
    ],
    "p68_range": [
      2.186102403053029,
      3.79359054069037
    ],
    "p95": [
      2.0090676272903636,
      5.8297634181028055
    ],
    "p95_range": [
      2.0090676272903636,
      5.8297634181028055
    ],
    "std": 0.9706423308485955
  },
  "d2o rho": {
    "best": 6.1459082414481685,
    "index": 7,
    "integer": false,
    "label": "d2o rho",
    "mean": 6.138938063764822,
    "median": 6.14578124484025,
    "p68": [
      6.093428530610847,
      6.184106925300345
    ],
    "p68_range": [
      6.093428530610847,
      6.184106925300345
    ],
    "p95": [
      6.020167189559466,
      6.21380743124904
    ],
    "p95_range": [
      6.020167189559466,
      6.21380743124904
    ],
    "std": 0.04802293728842724
  },
  "h2o rho": {
    "best": -0.0595790629894111,
    "index": 15,
    "integer": false,
    "label": "h2o rho",
    "mean": -0.04977160613480989,
    "median": -0.05371911482202739,
    "p68": [
      -0.26507102903199686,
      0.17868714329065574
    ],
    "p68_range": [
      -0.26507102903199686,
      0.17868714329065574
    ],
    "p95": [
      -0.45333973446474307,
      0.37342590298364087
    ],
    "p95_range": [
      -0.45333973446474307,
      0.37342590298364087
    ],
    "std": 0.21616753335771452
  },
  "inner acyl chain thickness": {
    "best": 8.070292619829532,
    "index": 9,
    "integer": false,
    "label": "inner acyl chain thickness",
    "mean": 8.593622769225956,
    "median": 8.373967144858241,
    "p68": [
      8.092966774875668,
      9.070357930342773
    ],
    "p68_range": [
      8.092966774875668,
      9.070357930342773
    ],
    "p95": [
      8.01150122092994,
      10.50040157272933
    ],
    "p95_range": [
      8.01150122092994,
      10.50040157272933
    ],
    "std": 0.705290272733834
  },
  "intensity ch061": {
    "best": 1.047568107558251,
    "index": 2,
    "integer": false,
    "label": "intensity ch061",
    "mean": 1.02055009968221,
    "median": 1.0279457063496562,
    "p68": [
      0.9947700773417042,
      1.04536168402237
    ],
    "p68_range": [
      0.9947700773417042,
      1.04536168402237
    ],
    "p95": [
      0.9441798032490203,
      1.0493899415100936
    ],
    "p95_range": [
      0.9441798032490203,
      1.0493899415100936
    ],
    "std": 0.027580439772912087
  },
  "outer acyl chain thickness": {
    "best": 8.027940205656146,
    "index": 10,
    "integer": false,
    "label": "outer acyl chain thickness",
    "mean": 8.40506164549846,
    "median": 8.21366267363142,
    "p68": [
      8.042723860394036,
      8.70284212949206
    ],
    "p68_range": [
      8.042723860394036,
      8.70284212949206
    ],
    "p95": [
      8.007218096533089,
      10.186156971888296
    ],
    "p95_range": [
      8.007218096533089,
      10.186156971888296
    ],
    "std": 0.5849237096387875
  },
  "siox interface": {
    "best": 8.878996882777138,
    "index": 3,
    "integer": false,
    "label": "siox interface",
    "mean": 8.056748374018012,
    "median": 8.452070198018182,
    "p68": [
      7.332842209191208,
      8.881241054987708
    ],
    "p68_range": [
      7.332842209191208,
      8.881241054987708
    ],
    "p95": [
      4.570273633901957,
      8.974504457595858
    ],
    "p95_range": [
      4.570273633901957,
      8.974504457595858
    ],
    "std": 1.1417869343200011
  },
  "siox rho": {
    "best": 3.167797301083541,
    "index": 4,
    "integer": false,
    "label": "siox rho",
    "mean": 3.4640057530681783,
    "median": 3.328195309233294,
    "p68": [
      3.18610736432151,
      3.6490716063524653
    ],
    "p68_range": [
      3.18610736432151,
      3.6490716063524653
    ],
    "p95": [
      3.1165087207432287,
      4.914607730674386
    ],
    "p95_range": [
      3.1165087207432287,
      4.914607730674386
    ],
    "std": 0.4269068351219989
  },
  "siox thickness": {
    "best": 39.84377529486882,
    "index": 5,
    "integer": false,
    "label": "siox thickness",
    "mean": 33.851598687843456,
    "median": 38.07403381679787,
    "p68": [
      24.633702505616366,
      39.61614535495599
    ],
    "p68_range": [
      24.633702505616366,
      39.61614535495599
    ],
    "p95": [
      9.576546221699417,
      39.91928391445531
    ],
    "p95_range": [
      9.576546221699417,
      39.91928391445531
    ],
    "std": 8.912349421687345
  },
  "submembrane thickness": {
    "best": 28.30626588325803,
    "index": 11,
    "integer": false,
    "label": "submembrane thickness",
    "mean": 26.00739702156287,
    "median": 26.852366941524103,
    "p68": [
      9.21257114649973,
      42.449279352463876
    ],
    "p68_range": [
      9.21257114649973,
      42.449279352463876
    ],
    "p95": [
      1.5546342948058816,
      48.90793316384491
    ],
    "p95_range": [
      1.5546342948058816,
      48.90793316384491
    ],
    "std": 14.20505044073719
  },
  "substrate roughness": {
    "best": 6.747999177830345,
    "index": 8,
    "integer": false,
    "label": "substrate roughness",
    "mean": 6.75013045884669,
    "median": 7.010559485017648,
    "p68": [
      5.285652436201498,
      8.148797434051227
    ],
    "p68_range": [
      5.285652436201498,
      8.148797434051227
    ],
    "p95": [
      3.3574339209460726,
      8.831832787574028
    ],
    "p95_range": [
      3.3574339209460726,
      8.831832787574028
    ],
    "std": 1.4223090579993953
  },
  "tiox rho": {
    "best": 1.9319132673930592,
    "index": 6,
    "integer": false,
    "label": "tiox rho",
    "mean": 1.887740704490074,
    "median": 1.8789513830987057,
    "p68": [
      1.7933838518436451,
      1.9871692964691203
    ],
    "p68_range": [
      1.7933838518436451,
      1.9871692964691203
    ],
    "p95": [
      1.6915948824185818,
      2.116756608837577
    ],
    "p95_range": [
      1.6915948824185818,
      2.116756608837577
    ],
    "std": 0.10349182704034657
  },
  "total tiox thickness": {
    "best": 109.18440672943542,
    "index": 16,
    "integer": false,
    "label": "total tiox thickness",
    "mean": 109.86595108153169,
    "median": 108.32396436818702,
    "p68": [
      104.9173782119415,
      115.79619887548525
    ],
    "p68_range": [
      104.9173782119415,
      115.79619887548525
    ],
    "p95": [
      101.92367115245833,
      124.7519012693185
    ],
    "p95_range": [
      101.92367115245833,
      124.7519012693185
    ],
    "std": 5.953517034848406
  },
  "volume fraction bilayer": {
    "best": 0.7117368233770373,
    "index": 13,
    "integer": false,
    "label": "volume fraction bilayer",